utc_ts,experiment,epoch,train_loss,train_acc,val_loss,val_acc,num_parameters,mutation_applied_yet
20260401T184244Z,cgse_phase2_cifar_full,1,1.014939,0.640160,0.991129,0.652400,620810,False
20260401T184244Z,cgse_phase2_cifar_full,2,0.897400,0.681060,0.921222,0.681400,620810,False
20260401T184244Z,cgse_phase2_cifar_full,5,0.726093,0.744840,0.704783,0.750700,620810,False
20260401T184244Z,cgse_phase2_cifar_full,6,0.696086,0.756480,0.672032,0.768900,620810,False
20260401T184244Z,cgse_phase2_cifar_full,7,0.664226,0.768600,0.667555,0.770700,620810,False
20260401T184244Z,cgse_phase2_cifar_full,8,0.645940,0.772660,0.652173,0.771100,620810,False
